12:20 pm,LRS,LRS Company Update Presentation August 2017,http://stocknessmonster.com/news-item?S=LRS&E=ASX&N=847479
12:14 pm,ALY,Investor Presentation,http://stocknessmonster.com/news-item?S=ALY&E=ASX&N=847478
10:40 am,JIN,Investor presentation,http://stocknessmonster.com/news-item?S=JIN&E=ASX&N=1030391
10:07 am,SDL,Investor Presentation,http://stocknessmonster.com/news-item?S=SDL&E=ASX&N=847464
10:04 am,TAU,Completion of Jimmy Crow Demerger and Cashwerkz Merger,http://stocknessmonster.com/news-item?S=TAU&E=ASX&N=1030380
10:04 am,TAU,Completion of Jimmy Crow Demerger and Cashwerkz Merger,http://stocknessmonster.com/news-item?S=TAU&E=ASX&N=1030380
10:04 am,TAU,Completion of Jimmy Crow Demerger and Cashwerkz Merger,http://stocknessmonster.com/news-item?S=TAU&E=ASX&N=1030380
9:57 am,DAV,Presentation - Acquisition of German Mining Licences,http://stocknessmonster.com/news-item?S=DAV&E=ASX&N=475625
9:49 am,LSN,LSN Executes Binding Term Sheet to Acquire Projects,http://stocknessmonster.com/news-item?S=LSN&E=ASX&N=1030359
9:46 am,HRR,Heron's Share Purchase Plan 29 August closing reminder,http://stocknessmonster.com/news-item?S=HRR&E=ASX&N=847453
9:38 am,BUA,Completion of Acquisition and Public Offer,http://stocknessmonster.com/news-item?S=BUA&E=ASX&N=847429
9:37 am,HSN,Hansen Technologies FY2017 Result Presentation,http://stocknessmonster.com/news-item?S=HSN&E=ASX&N=475615
9:35 am,SPZ,FY17 Results Presentation,http://stocknessmonster.com/news-item?S=SPZ&E=ASX&N=475614
9:23 am,ERF,ERF FY17 Results Investor Presentation,http://stocknessmonster.com/news-item?S=ERF&E=ASX&N=1030352
9:20 am,ENN,ENN FY17 Results Investor Presentation,http://stocknessmonster.com/news-item?S=ENN&E=ASX&N=1030349
9:17 am,VSC,Half Year Presentation,http://stocknessmonster.com/news-item?S=VSC&E=ASX&N=475603
9:16 am,HRL,Results Presentation,http://stocknessmonster.com/news-item?S=HRL&E=ASX&N=1030341
9:14 am,BPT,FY17 results presentation,http://stocknessmonster.com/news-item?S=BPT&E=ASX&N=1030339
9:09 am,CDD,Cardno 2017 Full Year Results Presentation,http://stocknessmonster.com/news-item?S=CDD&E=ASX&N=1030332
9:05 am,GDI,Annual results presentation,http://stocknessmonster.com/news-item?S=GDI&E=ASX&N=1030326
8:53 am,MVF,Financial Results Presentation FY2017,http://stocknessmonster.com/news-item?S=MVF&E=ASX&N=1030318
8:46 am,FMG,FY2017 Corporate Presentation,http://stocknessmonster.com/news-item?S=FMG&E=ASX&N=847415
8:43 am,XPE,Investor Presentation,http://stocknessmonster.com/news-item?S=XPE&E=ASX&N=475592
8:34 am,PTL,Investor presentation,http://stocknessmonster.com/news-item?S=PTL&E=ASX&N=475586
8:25 am,BXB,Investor Presentation,http://stocknessmonster.com/news-item?S=BXB&E=ASX&N=1030295
8:24 am,GMP,GMG: Full Year Results Presentation,http://stocknessmonster.com/news-item?S=GMG&E=ASX&N=1030286
8:24 am,GMG,Full Year Results Presentation,http://stocknessmonster.com/news-item?S=GMG&E=ASX&N=1030286
8:23 am,CGL,Investor Presentation - FY17 Full Year Results,http://stocknessmonster.com/news-item?S=CGL&E=ASX&N=475579
8:23 am,GOZ,Investor Presentation - FY17 Results,http://stocknessmonster.com/news-item?S=GOZ&E=ASX&N=475574
8:22 am,AD8,Investor Presentation - 2017 Annual Results,http://stocknessmonster.com/news-item?S=AD8&E=ASX&N=1030277
8:21 am,NHF,2017 Full Year Results Investor Presentation,http://stocknessmonster.com/news-item?S=NHF&E=ASX&N=1030283
8:21 am,APO,Interim Results Presentation,http://stocknessmonster.com/news-item?S=APO&E=ASX&N=1030272
8:21 am,1AD,IPF Summit Presentation,http://stocknessmonster.com/news-item?S=1AD&E=ASX&N=475570
8:20 am,RHP,FY17 Full Year Results Presentation,http://stocknessmonster.com/news-item?S=RHP&E=ASX&N=475558
8:19 am,GEM,Investor Presentation,http://stocknessmonster.com/news-item?S=GEM&E=ASX&N=1030253
8:19 am,GWA,FY17 Results Presentation,http://stocknessmonster.com/news-item?S=GWA&E=ASX&N=1030261
8:18 am,IMD,Full Year Results Presentation,http://stocknessmonster.com/news-item?S=IMD&E=ASX&N=847396
8:18 am,MIN,2017 Financial year - Results Presentation Pack,http://stocknessmonster.com/news-item?S=MIN&E=ASX&N=847381
8:18 am,AFP,NZSA presentation,http://stocknessmonster.com/news-item?S=AFP&E=ASX&N=1030245
7:34 am,MHJ,Full Year Results Presentation,http://stocknessmonster.com/news-item?S=MHJ&E=ASX&N=1030250
7:33 am,VGL,Vista acquires controlling stake in Latin American Reseller,http://stocknessmonster.com/news-item?S=VGL&E=ASX&N=475554
7:32 am,BSL,FY2017 Results Investor Presentation,http://stocknessmonster.com/news-item?S=BSL&E=ASX&N=475565
